name,address,size
init_0880A9A0,0x0880A9A0,0x48
init_0880B028,0x0880B028,0x34
init_0880BEB8,0x0880BEB8,0x8
init_08811EF4,0x08811EF4,0x8
init_08813574,0x08813574,0x60
init_088289B0,0x088289B0,0x20
init_0883DFA8,0x0883DFA8,0x38
init_08842344,0x08842344,0x10
init_08847224,0x08847224,0x8
init_0884E620,0x0884E620,0x8
init_08850B20,0x08850B20,0x8
init_08864E70,0x08864E70,0x108
init_08869844,0x08869844,0xB8
init_0886EE14,0x0886EE14,0x10
init_088735CC,0x088735CC,0x18
init_08874508,0x08874508,0x9C
init_08874E18,0x08874E18,0x78
init_08883E50,0x08883E50,0x24
init_088841CC,0x088841CC,0x20
init_0888E65C,0x0888E65C,0x2C
init_08890780,0x08890780,0x2C
init_08895A28,0x08895A28,0x18
init_0889723C,0x0889723C,0x8
init_088A0768,0x088A0768,0x14
init_088A0D60,0x088A0D60,0x20
init_088A38EC,0x088A38EC,0x14
init_088A4168,0x088A4168,0x3C
init_088A52CC,0x088A52CC,0x20
init_088A94A0,0x088A94A0,0x50
init_088AEF44,0x088AEF44,0x10
init_088B1DF4,0x088B1DF4,0x2C
init_088B2AD0,0x088B2AD0,0x44
init_088B7154,0x088B7154,0x8
init_088BBA64,0x088BBA64,0x44
init_088BBE18,0x088BBE18,0x8
init_088BD104,0x088BD104,0x8
init_088BD2C4,0x088BD2C4,0x2C
init_088C0AAC,0x088C0AAC,0x8
init_088C14B0,0x088C14B0,0x44
init_088C1C04,0x088C1C04,0x8
init_088C4B80,0x088C4B80,0x30
init_088CE2F8,0x088CE2F8,0x3C
init_088F7800,0x088F7800,0x34
init_088FB9F4,0x088FB9F4,0x30
init_0890EA50,0x0890EA50,0xC
init_0891DEF8,0x0891DEF8,0x30
init_0894DD74,0x0894DD74,0x604
